mean_fit_time,mean_score_time,mean_test_score,mean_train_score,param_C,params,rank_test_score,split0_test_score,split0_train_score,split1_test_score,split1_train_score,split2_test_score,split2_train_score,split3_test_score,split3_train_score,split4_test_score,split4_train_score,std_fit_time,std_score_time,std_test_score,std_train_score
18.6422810555,0.0514188289642,-0.721481194331,-0.720668489904,2.5,{'C': 2.5},3,-0.726211775549,-0.719493462711,-0.714550186047,-0.72238770923,-0.722437558255,-0.72035531967,-0.717384708744,-0.72181609095,-0.726821743061,-0.719289866959,1.10242074521,0.000406361269687,0.00482979422638,0.00123709894305
20.2080674171,0.0498373508453,-0.721479813891,-0.720654968246,3.0,{'C': 3.0},1,-0.726199249624,-0.719484476911,-0.714547085767,-0.722375346315,-0.72245338947,-0.720338378552,-0.717388909295,-0.721799949895,-0.726810435299,-0.719276689557,1.66958951795,0.00199115742454,0.00482565368208,0.001236172708
19.2278258324,0.0505072116852,-0.721480075424,-0.720645110437,3.5,{'C': 3.5},2,-0.726189982112,-0.719477546194,-0.714545688824,-0.722364568991,-0.72246793988,-0.720328085261,-0.717394293976,-0.721788774235,-0.726802472327,-0.719266577503,1.3978196025,0.00150320547011,0.00482216411048,0.0012351978688
