mean_fit_time,mean_score_time,mean_test_score,mean_train_score,param_class_weight,params,rank_test_score,split0_test_score,split0_train_score,split1_test_score,split1_train_score,split2_test_score,split2_train_score,split3_test_score,split3_train_score,split4_test_score,split4_train_score,std_fit_time,std_score_time,std_test_score,std_train_score
21.1652658463,0.969082355499,-0.676120823618,-0.590716885622,,{'class_weight': None},1,-0.68287166155,-0.589550159808,-0.671952568252,-0.59158492557,-0.678605475261,-0.589592085787,-0.670431249582,-0.59221167445,-0.676743163445,-0.590645582497,0.527973416629,0.0676694316832,0.00451398314012,0.00106013158824
16.7784211636,0.544098949432,-0.835123335495,-0.750936132213,balanced,{'class_weight': 'balanced'},2,-0.843857391592,-0.749733547183,-0.828612107317,-0.752692998718,-0.83630465903,-0.750136540302,-0.82565421448,-0.752450171554,-0.841188305053,-0.749667403308,6.39217382632,0.191400245173,0.00702173001656,0.0013471544867
