mean_fit_time,mean_score_time,mean_test_score,mean_train_score,param_criterion,params,rank_test_score,split0_test_score,split0_train_score,split1_test_score,split1_train_score,split2_test_score,split2_train_score,split3_test_score,split3_train_score,split4_test_score,split4_train_score,std_fit_time,std_score_time,std_test_score,std_train_score
20.2845588684,1.09879312515,-0.619123211777,-0.333888093297,gini,{'criterion': 'gini'},2,-0.626692490038,-0.333750630884,-0.616124577998,-0.33533563331,-0.61814496605,-0.334196443704,-0.614380218016,-0.332683678548,-0.620273806781,-0.333474080042,0.720969569421,0.245261037602,0.00426761294663,0.000875370760496
19.1192820549,0.66730761528,-0.618233396312,-0.329471442186,entropy,{'criterion': 'entropy'},1,-0.624620184084,-0.326972101478,-0.615785044746,-0.332246005955,-0.616006117117,-0.328911614589,-0.613271582248,-0.330792558175,-0.621484053363,-0.328434930731,5.92802181076,0.190171578085,0.00416971524507,0.00184813519387
