mean_fit_time,mean_score_time,mean_test_score,mean_train_score,param_n_estimators,params,rank_test_score,split0_test_score,split0_train_score,split1_test_score,split1_train_score,split2_test_score,split2_train_score,split3_test_score,split3_train_score,split4_test_score,split4_train_score,std_fit_time,std_score_time,std_test_score,std_train_score
154.528305387,6.89383702278,-0.669113180063,-0.529541244848,1750,{'n_estimators': 1750},3,-0.676222169119,-0.528726753251,-0.663087998853,-0.530991945441,-0.67041810366,-0.530065262301,-0.662803390008,-0.528848543628,-0.673034238677,-0.52907371962,0.641843885368,0.104987765664,0.00536155781103,0.000864978367777
151.02285924,6.5818002224,-0.669105283162,-0.529534825875,1800,{'n_estimators': 1800},2,-0.676209193986,-0.528710598719,-0.663106498843,-0.530949632023,-0.670377919486,-0.530060814256,-0.662772383987,-0.528868522064,-0.67306041951,-0.529084562312,8.5939589297,0.151367578735,0.00536319458923,0.000849045188621
142.515988255,6.40818133354,-0.669097442036,-0.529489918413,1850,{'n_estimators': 1850},1,-0.676218804237,-0.528682398806,-0.663091852282,-0.530930778435,-0.670356054897,-0.530076179451,-0.662759609374,-0.528736924173,-0.67306088939,-0.529023311197,2.10287442186,0.384169471599,0.00537107162509,0.000878247134102
