mean_fit_time,mean_score_time,mean_test_score,mean_train_score,param_criterion,params,rank_test_score,split0_test_score,split0_train_score,split1_test_score,split1_train_score,split2_test_score,split2_train_score,split3_test_score,split3_train_score,split4_test_score,split4_train_score,std_fit_time,std_score_time,std_test_score,std_train_score
10.5319180489,0.727842187881,-0.939345505294,-0.173210088194,gini,{'criterion': 'gini'},1,-0.92620801027,-0.172769764092,-0.902291747576,-0.174744262886,-0.982502684884,-0.172603683722,-0.89811634295,-0.173444069949,-0.987608740788,-0.172488660319,0.0777837254849,0.0158951242642,0.0385676045786,0.000835524903687
10.3537647724,0.558371686935,-0.942000666756,-0.172958622993,entropy,{'criterion': 'entropy'},2,-0.933933369459,-0.172485651769,-0.890989417219,-0.17467924522,-0.997484347081,-0.172459102507,-0.902372987759,-0.173075183732,-0.98522321226,-0.172093931736,3.12822933979,0.176070627132,0.0428583924803,0.000915973877211
