mean_fit_time,mean_score_time,mean_test_score,mean_train_score,param_reg_alpha,params,rank_test_score,split0_test_score,split0_train_score,split1_test_score,split1_train_score,split2_test_score,split2_train_score,split3_test_score,split3_train_score,split4_test_score,split4_train_score,std_fit_time,std_score_time,std_test_score,std_train_score
7.84136328697,0.0946133613586,-0.589517181203,-0.483578241879,1.95,{'reg_alpha': 1.95},2,-0.593101767582,-0.482408461269,-0.58463226827,-0.485737095346,-0.592503904898,-0.484011173044,-0.584198580134,-0.484037261779,-0.59314938513,-0.48169721796,0.82293555502,0.0138637874055,0.00417402862917,0.00141176588794
7.99195780754,0.0920996189117,-0.588939780724,-0.484141140237,2.0,{'reg_alpha': 2.0},1,-0.593530429737,-0.482849163846,-0.584273604696,-0.485089326482,-0.591794375791,-0.484194095816,-0.582632026269,-0.485248898024,-0.592468467125,-0.483324217018,1.11425786382,0.00911856706936,0.00454390501786,0.000945045533648
7.46021199226,0.0897208213806,-0.589664707552,-0.484237993084,2.05,{'reg_alpha': 2.05},3,-0.593864028017,-0.484138860946,-0.585157017833,-0.486427266431,-0.592322598592,-0.483442946935,-0.583721621845,-0.484639926818,-0.593258271472,-0.482540964288,0.692227092223,0.00900610761693,0.0043186088758,0.00130202156727
