mean_fit_time,mean_score_time,mean_test_score,mean_train_score,param_colsample_bytree,param_gamma,param_max_depth,param_min_child_weight,param_reg_alpha,param_subsample,params,rank_test_score,split0_test_score,split0_train_score,split1_test_score,split1_train_score,split2_test_score,split2_train_score,std_fit_time,std_score_time,std_test_score,std_train_score
19.4266816775,0.115461349487,-0.5615226137,-0.441727549572,0.8,0.0,3,2,3.5,0.9,"{'reg_alpha': 3.5, 'colsample_bytree': 0.8, 'min_child_weight': 2, 'subsample': 0.9, 'max_depth': 3, 'gamma': 0.0}",2,-0.567022702373,-0.440781386871,-0.554314219407,-0.443687872465,-0.563230919321,-0.44071338938,0.302548987799,0.0157270512203,0.00532698262896,0.00138643554899
22.1598474185,0.1178855896,-0.560953852675,-0.444627952726,0.8,0.0,3,2,4.0,0.9,"{'reg_alpha': 4.0, 'colsample_bytree': 0.8, 'min_child_weight': 2, 'subsample': 0.9, 'max_depth': 3, 'gamma': 0.0}",1,-0.564693347672,-0.443943295049,-0.554562689349,-0.447432787817,-0.563605521005,-0.442507775312,0.0206794680059,0.000502213254239,0.00454100342883,0.00206809157508
22.2220050494,0.118320624034,-0.56170831979,-0.447251600153,0.8,0.0,3,2,4.5,0.9,"{'reg_alpha': 4.5, 'colsample_bytree': 0.8, 'min_child_weight': 2, 'subsample': 0.9, 'max_depth': 3, 'gamma': 0.0}",3,-0.56604694742,-0.446741518356,-0.555368597094,-0.44964927827,-0.563709414855,-0.445364003834,0.168503748547,0.000662306338678,0.00458330866778,0.00178624967067
