mean_fit_time,mean_score_time,mean_test_score,mean_train_score,param_colsample_bytree,param_max_depth,param_min_child_weight,param_reg_alpha,param_subsample,params,rank_test_score,split0_test_score,split0_train_score,split1_test_score,split1_train_score,split2_test_score,split2_train_score,std_fit_time,std_score_time,std_test_score,std_train_score
14.918204387,0.143778324127,-0.566384764793,-0.434665653313,0.6,3,2,0,0.9,"{'subsample': 0.9, 'reg_alpha': 0, 'colsample_bytree': 0.6, 'max_depth': 3, 'min_child_weight': 2}",2,-0.570519902823,-0.434643065539,-0.560511220899,-0.436730397239,-0.568123170656,-0.432623497162,0.564219317254,0.0158205978544,0.00426692470615,0.00167671101
19.7701686223,0.169063329697,-0.567295524835,-0.432460594241,0.7,3,2,0,0.9,"{'subsample': 0.9, 'reg_alpha': 0, 'colsample_bytree': 0.7, 'max_depth': 3, 'min_child_weight': 2}",3,-0.570976353063,-0.43276429213,-0.561299434733,-0.435187338051,-0.56961078671,-0.429430152544,0.0707498550375,0.00176924007814,0.00427637036521,0.00236015120231
19.3854775429,0.147304375966,-0.5656887343,-0.430620395076,0.8,3,2,0,0.9,"{'subsample': 0.9, 'reg_alpha': 0, 'colsample_bytree': 0.8, 'max_depth': 3, 'min_child_weight': 2}",1,-0.567574265537,-0.432794396539,-0.559098459771,-0.431794517268,-0.570393477593,-0.42727227142,0.738947851438,0.0145820056266,0.00480005402256,0.00240241387622
