mean_fit_time,mean_score_time,mean_test_score,mean_train_score,param_gamma,params,rank_test_score,split0_test_score,split0_train_score,split1_test_score,split1_train_score,split2_test_score,split2_train_score,split3_test_score,split3_train_score,split4_test_score,split4_train_score,std_fit_time,std_score_time,std_test_score,std_train_score
7.66704277992,0.0905641555786,-0.591166964977,-0.47048614475,0.0,{'gamma': 0.0},5,-0.596611703101,-0.468743804974,-0.586465827221,-0.472386814688,-0.594047134624,-0.471343534836,-0.585558508453,-0.472007387637,-0.593151651487,-0.467949181612,0.296782739456,0.00914906385014,0.00436886739918,0.00179631699597
8.22192792892,0.0898530006409,-0.590832203502,-0.469972522741,0.1,{'gamma': 0.1},3,-0.595906126449,-0.468057375205,-0.586199259464,-0.472511152092,-0.591394086001,-0.471392753079,-0.586155245701,-0.471052219995,-0.594506299895,-0.466849113333,0.771773600713,0.00841621167308,0.00407179309514,0.00214713370644
8.49398956299,0.0957583427429,-0.590859776298,-0.469561580464,0.2,{'gamma': 0.2},4,-0.595530634809,-0.467623057499,-0.585765317062,-0.471803524755,-0.593064141909,-0.469756461262,-0.58634458766,-0.471093623791,-0.593594200052,-0.467531235012,0.86783992249,0.0113752255625,0.004012322609,0.00174880664592
7.72773723602,0.0906841754913,-0.590616440309,-0.470169408243,0.3,{'gamma': 0.3},1,-0.59439604487,-0.46871521236,-0.586947033631,-0.471706540168,-0.592833230958,-0.469798968688,-0.585640768081,-0.472585316887,-0.593265124003,-0.468041003114,0.290095784005,0.00922464366746,0.00358990128602,0.0017309771031
7.59660334587,0.0868811607361,-0.590798138686,-0.470823331131,0.4,{'gamma': 0.4},2,-0.596748311739,-0.470006921129,-0.58642638442,-0.473487255758,-0.591028133249,-0.47071445316,-0.586662619297,-0.471382462259,-0.593125244726,-0.46852556335,0.0439581389407,0.00091847536184,0.0039265158948,0.00163506810362
