mean_fit_time,mean_score_time,mean_test_score,mean_train_score,param_colsample_bytree,param_gamma,param_max_depth,param_min_child_weight,param_reg_alpha,param_subsample,params,rank_test_score,split0_test_score,split0_train_score,split1_test_score,split1_train_score,split2_test_score,split2_train_score,std_fit_time,std_score_time,std_test_score,std_train_score
19.2445456982,0.0992473761241,-0.564456681609,-0.430533478701,0.8,0.0,3,2,0,0.9,"{'reg_alpha': 0, 'colsample_bytree': 0.8, 'min_child_weight': 2, 'subsample': 0.9, 'max_depth': 3, 'gamma': 0.0}",1,-0.567277493206,-0.430682492403,-0.558573891558,-0.43325881588,-0.567518660063,-0.427659127819,1.3235233512,0.0143836565836,0.00416092573442,0.00228849010026
22.031746467,0.112605333328,-0.566229242486,-0.430723565689,0.8,0.1,3,2,0,0.9,"{'reg_alpha': 0, 'colsample_bytree': 0.8, 'min_child_weight': 2, 'subsample': 0.9, 'max_depth': 3, 'gamma': 0.1}",3,-0.568506859128,-0.429856027575,-0.560285654697,-0.433015985408,-0.569895213634,-0.429298684085,0.131401646242,0.000527240033928,0.00424079858168,0.00163687691824
21.9697932402,0.112081368764,-0.56549932583,-0.430712418393,0.8,0.2,3,2,0,0.9,"{'reg_alpha': 0, 'colsample_bytree': 0.8, 'min_child_weight': 2, 'subsample': 0.9, 'max_depth': 3, 'gamma': 0.2}",2,-0.568382339105,-0.431029930783,-0.559430701684,-0.431641639575,-0.5686849367,-0.429465684821,0.0420376821344,0.00137130990299,0.00429294309244,0.000916262466443
