mean_fit_time,mean_score_time,mean_test_score,mean_train_score,param_gamma,params,rank_test_score,split0_test_score,split0_train_score,split1_test_score,split1_train_score,split2_test_score,split2_train_score,split3_test_score,split3_train_score,split4_test_score,split4_train_score,std_fit_time,std_score_time,std_test_score,std_train_score
14.0022993565,0.179193258286,-0.591004905495,-0.463770939191,0.0,{'gamma': 0.0},3,-0.59627210127,-0.462943375561,-0.587203244363,-0.465965443182,-0.593992022261,-0.463550609214,-0.585372542595,-0.464345072298,-0.592184616986,-0.462050195699,1.33182938216,0.0244626647106,0.00410448721069,0.0013296496996
14.5115786076,0.174172592163,-0.590966867489,-0.46387424954,0.1,{'gamma': 0.1},2,-0.595548552811,-0.463290361905,-0.58683971838,-0.466435491457,-0.595041763772,-0.463636393852,-0.584474004227,-0.463980836092,-0.592930298256,-0.462028164395,1.90298975012,0.0174953438988,0.00448647553424,0.00144061454321
14.7849725723,0.185317373276,-0.591200372409,-0.463728322286,0.2,{'gamma': 0.2},4,-0.595712427585,-0.462943423174,-0.588559353405,-0.465789504851,-0.593769894766,-0.464179202431,-0.585871038542,-0.463840206439,-0.592089147748,-0.461889274538,0.948526723046,0.0214406374812,0.00355324610761,0.00130095716856
15.5108345509,0.176202869415,-0.590906117504,-0.463956273005,0.3,{'gamma': 0.3},1,-0.595108431488,-0.463248050142,-0.587312218191,-0.466186468839,-0.594791791417,-0.46377244545,-0.585172183382,-0.464500068846,-0.592145963044,-0.462074331749,3.03156546672,0.0188854018207,0.00400223023631,0.00136722803217
14.9802423954,0.192548036575,-0.591585090968,-0.464837729582,0.4,{'gamma': 0.4},5,-0.596017718501,-0.463782946198,-0.588118541189,-0.467776337843,-0.594704189038,-0.464533678684,-0.585433426065,-0.464847918677,-0.593651580046,-0.463247766507,1.80630994674,0.0222327649981,0.00408674161615,0.0015728013126
