mean_fit_time,mean_score_time,mean_test_score,mean_train_score,param_reg_alpha,params,rank_test_score,split0_test_score,split0_train_score,split1_test_score,split1_train_score,split2_test_score,split2_train_score,split3_test_score,split3_train_score,split4_test_score,split4_train_score,std_fit_time,std_score_time,std_test_score,std_train_score
13.1691634178,0.171166610718,-0.591379353984,-0.468184286983,0.1,{'reg_alpha': 0.1},5,-0.594938086886,-0.467201881127,-0.587933462033,-0.469749179167,-0.594932659326,-0.468120853731,-0.5854966829,-0.468972609717,-0.593595878774,-0.466876911173,0.93706711483,0.0185521265081,0.00391621070149,0.0010722608668
13.9024864197,0.173199367523,-0.591197051197,-0.468726043452,0.2,{'reg_alpha': 0.2},4,-0.595342590538,-0.467878612204,-0.587986279617,-0.470666873823,-0.594336347306,-0.468182294599,-0.58534662996,-0.469526834358,-0.592973408566,-0.467375602276,0.764864022085,0.0205420071061,0.0038660730665,0.00120379254918
13.4267179489,0.175386619568,-0.590735092078,-0.468951627672,0.3,{'reg_alpha': 0.3},1,-0.594430522606,-0.46794920229,-0.586954869623,-0.470957355479,-0.593990734806,-0.467980053827,-0.585089312834,-0.469965095167,-0.593210020519,-0.467906431595,1.19093176466,0.0219991644689,0.00391268685752,0.00127210908519
13.6364264488,0.166798782349,-0.591143515335,-0.469728545817,0.4,{'reg_alpha': 0.4},2,-0.594800137005,-0.468165794288,-0.587940926967,-0.472428661423,-0.594866860901,-0.468534350704,-0.585140997231,-0.470472525975,-0.592968654569,-0.469041396693,1.23664630108,0.0169673490824,0.00392051306128,0.00156106367522
13.8563471317,0.173990058899,-0.591183246986,-0.470304906125,0.5,{'reg_alpha': 0.5},3,-0.594803319433,-0.468399764525,-0.587162849305,-0.472734533687,-0.594265967266,-0.469357281459,-0.586120034292,-0.471136012317,-0.593564064634,-0.469896938638,1.56746991689,0.0212474120131,0.00374369074075,0.00150251935657
