mean_fit_time,mean_score_time,mean_test_score,mean_train_score,param_reg_lambda,params,rank_test_score,split0_test_score,split0_train_score,split1_test_score,split1_train_score,split2_test_score,split2_train_score,split3_test_score,split3_train_score,split4_test_score,split4_train_score,std_fit_time,std_score_time,std_test_score,std_train_score
12.9283420086,0.151828813553,-0.590850903314,-0.467765765765,0.9,{'reg_lambda': 0.9},1,-0.594666902697,-0.466123008349,-0.588161662519,-0.470216374881,-0.593645203495,-0.467333556755,-0.585306034659,-0.468964558599,-0.592474713201,-0.466191330243,0.233244034058,0.00316783801336,0.00354920576454,0.00160043075879
14.0321536541,0.163868761063,-0.591312792727,-0.467802942196,0.95,{'reg_lambda': 0.95},3,-0.594990757176,-0.466643468134,-0.587737990164,-0.469641829991,-0.595032564639,-0.467250097911,-0.585604177725,-0.468676622218,-0.593198473932,-0.466802692725,1.24755367988,0.0179566470227,0.00390608289142,0.00116579080562
13.032827425,0.16526684761,-0.590901881413,-0.468172892658,1.0,{'reg_lambda': 1.0},2,-0.595006607671,-0.467180362334,-0.587255754626,-0.470220694839,-0.59457671379,-0.467609600664,-0.585578805241,-0.46894294193,-0.592091525738,-0.466910863521,0.578136810769,0.0190931469883,0.00383139151609,0.00123948388543
